,Prefix,Full_Name,Phone Number,Email Id,City,State,Zip Code,Country,Status
0,mrs.,tracy mahoney,885-986-22088197,harrisfaith@example.org,port cherylland,hawaii,85521,saint barthelemy,False
1,dr.,denise mahoney,+1-195-035-67685412,tamarapacheco@example.net,stephensmouth,south carolina,22942,bangladesh,False
2,mrs.,theresa johnson,(494)813-607942345,perezcody@example.net,williamborough,minnesota,69451,namibia,False
3,dr.,matthew diaz,653-012-958426035,angela91@example.net,north nicole,new jersey,99375,nicaragua,True
4,misc.,adam larsen,+1-110-384-6878158,troychaney@example.com,lake leslie,wisconsin,92048,vietnam,True
5,dr.,alexander yang,661.472.0762382,georgeburch@example.com,amandatown,oregon,3602,myanmar,True
6,misc.,joshua mitchell,(053)311-7130,michaelhart@example.net,starkmouth,minnesota,33625,sudan,True
7,ind.,jason williams,714.248.6141,barrettapril@example.com,jonestown,new york,56999,grenada,False
8,dr.,edward lynch,001-355-729-7567164,richard28@example.net,south kimberlyburgh,arizona,20520,namibia,True
9,ms.,kevin arellano,027.394.955350322,westandrea@example.net,south dominique,delaware,40771,egypt,False
10,mrs.,cheryl gibson,8222621444,jessicascott@example.org,leefort,louisiana,17071,azerbaijan,False
11,misc.,kylie young,(713)588-489169044,samanthabrock@example.com,amandaborough,kentucky,18401,kyrgyz republic,False
12,misc.,morgan atkins,(407)828-7931116,rebeccashaw@example.net,new rebeccaview,connecticut,94505,honduras,False
13,dr.,david ramirez,001-758-811-62177642,andersonadrian@example.org,new zacharyborough,pennsylvania,47952,greece,True
14,mr.,anthony fuller,413-594-3666,ronald19@example.net,south tamara,wyoming,4626,niger,False
15,mx.,david murray,+1-916-376-958370481,james23@example.org,east william,mississippi,22845,syrian arab republic,True
16,dr.,christopher mcgee,+1-323-170-393659528,garrettian@example.org,new scott,ohio,76521,algeria,True
17,mr.,evelyn lowery,001-488-318-9815510,amandaatkinson@example.org,lake christy,west virginia,89419,swaziland,False
18,dr.,cindy sims,001-985-277-9077,ryan35@example.com,millerfurt,hawaii,78066,nicaragua,True
19,mr.,stephanie valdez,(575)773-04173166,matthewmccormick@example.com,colefurt,wyoming,82417,gabon,False
20,miss,ronald lee,379-249-523568969,santanarachel@example.org,gordonchester,utah,21397,cayman islands,False
21,miss,michael reed,711-613-4920,rlawrence@example.com,west patrickbury,arkansas,54440,chile,True
22,miss,daniel hall,001-867-486-171673052,leslie75@example.com,new marcusport,nebraska,54549,syrian arab republic,False
23,ind.,nicole bass,+1-166-545-4259,nfletcher@example.org,east john,utah,17671,holy see (vatican city state),True
24,miss,adam davis,+1-222-179-935757017,omartinez@example.net,kimberlyville,ohio,35355,armenia,False
25,dr.,erin rice,(557)197-0707,rpham@example.net,patriciaview,vermont,36912,slovenia,True
26,ind.,kevin harper,001-785-158-689400894,dylan52@example.net,port darius,new york,51387,bulgaria,False
27,dr.,anthony wilson,529.177.37163506,valenciamichael@example.com,leeside,mississippi,97552,latvia,False
28,mx.,lori howe,082-402-396441268,othomas@example.org,andersontown,rhode island,60371,belize,False
29,misc.,david rubio,(953)510-4615403,burnstanya@example.net,west scottview,vermont,54684,iraq,True
30,ind.,stephanie patterson,+1-479-819-65876151,cannonalyssa@example.com,connorberg,louisiana,70060,korea,True
31,mrs.,angela molina,(010)835-64331322,bridget16@example.net,lake hannahchester,south carolina,30962,sweden,False
32,ind.,steven smith,691-205-551502856,ramirezedward@example.com,colonview,utah,92678,angola,False
33,dr.,michael barnes,822.301.907144196,ginavelazquez@example.net,south taylorview,new jersey,68976,united kingdom,True
34,ind.,lisa grant,866-358-80278835,brookspatrick@example.net,scottborough,kansas,74304,new caledonia,True
35,dr.,earl ramirez,(527)397-006341607,elawson@example.com,aaronview,delaware,52965,swaziland,False
36,ms.,christopher moore,+1-768-854-6695,wlee@example.com,coreyberg,maryland,27260,swaziland,True
37,mx.,gary watts,482.567.9472,melissa73@example.org,rayberg,nevada,42176,cyprus,False
38,misc.,deborah lee,409-679-9433756,ashley57@example.org,kaylaview,arizona,37641,armenia,False
39,mx.,heidi armstrong,236.775.352008992,michelewilliams@example.net,ritaborough,washington,36282,mauritania,False
40,misc.,katherine richardson,571.064.8339,woodronald@example.com,new debra,mississippi,47137,angola,True
41,misc.,jamie torres,+1-393-766-743741431,llove@example.net,davidmouth,rhode island,18136,trinidad and tobago,False
42,misc.,lindsey rodriguez,392.284.9591201,andersonglen@example.com,victoriaside,new hampshire,56630,angola,True
43,mr.,jo fowler,+1-200-248-6884214,ambersullivan@example.com,johnathanmouth,indiana,7235,tuvalu,True
44,misc.,joshua tyler,(783)882-1446134,gilesjennifer@example.net,bennettstad,washington,52618,french guiana,False
45,dr.,reginald lowe,302-995-14035376,lblair@example.org,north justin,massachusetts,41426,belgium,True
46,ms.,john stein,6372401262,mlopez@example.org,brayshire,rhode island,17375,korea,False
47,misc.,christopher peterson,001-222-081-9224065,johngardner@example.com,lake robin,massachusetts,52426,jersey,False
48,ms.,tina adams,159-314-614172453,allisonflores@example.net,port williamstad,new hampshire,54872,china,False
49,dr.,jessica kelly,693-842-12114179,aviladonald@example.com,johnsstad,indiana,10228,kazakhstan,False
50,dr.,christopher myers,083-458-46369320,brandy31@example.net,south craig,alabama,85332,yemen,False
51,ind.,jamie morales,001-073-704-4081828,zimmermanjoshua@example.com,new thomas,minnesota,6600,luxembourg,False
52,ms.,kelly hansen,1605158796,martin56@example.com,north jamesfort,wyoming,39754,isle of man,False
53,dr.,heather brown,996-751-6407121,kelleyamanda@example.net,port mason,indiana,72629,russian federation,True
54,ms.,karen sawyer,183.160.564003917,carlos90@example.net,adamview,maine,34362,tokelau,False
55,mr.,nancy acosta,952-300-244116732,isherman@example.org,new teresa,illinois,67440,taiwan,True
56,dr.,ashley jones,(782)937-3846788,geoffreywells@example.com,port jonathanland,montana,40738,slovakia (slovak republic),False
57,misc.,nicole daniels,001-460-242-1226,leonard10@example.org,port andrea,north dakota,71235,san marino,False
58,dr.,kristin jones,505-808-1586,fromero@example.com,east douglastown,arkansas,53289,barbados,True
59,mrs.,jason ashley,0884571492,nguyenrachel@example.org,melaniestad,oklahoma,89940,british indian ocean territory (chagos archipelago),True
60,miss,karina good,001-857-446-5167,annetteweber@example.net,lake jessicafort,virginia,50443,saint pierre and miquelon,True
61,dr.,leslie kim,185-633-822500711,douglaswhite@example.net,hansenbury,california,5295,moldova,False
62,mr.,melissa arnold,(412)151-3672077,ashleysimmons@example.net,lake john,vermont,51949,iraq,True
63,miss,erin gonzalez,+1-914-586-3950,andreamiller@example.com,andersonshire,pennsylvania,17135,cook islands,True
64,ms.,jocelyn brown,664-663-7018766,skinnerwillie@example.com,north gregoryshire,new mexico,33918,azerbaijan,True
65,dr.,brian mcbride,001-616-265-22093962,odalton@example.net,connieland,south carolina,39332,poland,False
66,ms.,misty thompson,001-742-377-44766274,othomas@example.org,east melissaview,delaware,37350,marshall islands,True
67,dr.,michael ramirez,(951)622-95960564,pricejasmine@example.net,port thomasside,idaho,51207,angola,False
68,mr.,april liu,001-281-947-302253189,brianfitzgerald@example.org,walkerview,delaware,88664,burundi,True
69,mrs.,kimberly rosario,765.414.8151,tonyaduncan@example.net,lucasland,georgia,72066,burkina faso,False
70,mx.,megan wiggins,+1-374-571-5574813,gmiller@example.net,wandaborough,minnesota,58508,tuvalu,True
71,ms.,ryan powell,021.310.6636,tara20@example.net,blevinsshire,wyoming,26348,faroe islands,True
72,mrs.,tommy hayes,(793)227-2974,jbender@example.org,aaronberg,maine,49261,tunisia,False
73,miss,vanessa huff,(308)035-78297566,laura11@example.com,juliemouth,connecticut,18768,cocos (keeling) islands,True
74,mr.,lucas bailey,(574)112-4705,dsmith@example.com,east hunterstad,missouri,18110,puerto rico,True
75,ms.,sarah brown,8245157389,lauren36@example.com,wolfville,new mexico,77050,sierra leone,True
76,dr.,shirley mills,718-051-80685681,melissa74@example.com,north tony,alaska,61757,colombia,True
77,miss,leslie lozano,612-330-261623252,kelly85@example.org,yolandafort,alaska,63100,hungary,True
78,misc.,jared gomez,+1-761-716-4945,jnewton@example.org,christophermouth,louisiana,72985,mexico,False
79,mx.,susan banks,(030)736-28099693,jessicapark@example.org,jennaside,illinois,95909,cuba,False
80,dr.,victor bryant,130.175.4996505,rowelindsey@example.net,south brendanhaven,arizona,60356,iceland,True
81,ind.,catherine hammond,643.671.09033318,stokesalexandra@example.net,lake christopher,north dakota,26909,cambodia,True
82,mr.,jill leonard,(068)118-43818770,michelleprice@example.net,east beckyfurt,new hampshire,47915,somalia,True
83,dr.,brittany bean,001-635-184-21926633,ocollins@example.org,north brianport,louisiana,27883,marshall islands,False
84,dr.,shannon bell,119.765.273366448,jennifermcpherson@example.com,lake ninamouth,colorado,35164,ethiopia,True
85,mr.,abigail peck,047-742-1476,donnafarmer@example.net,normantown,south carolina,49169,niue,False
86,dr.,chad marsh,001-340-805-7005,elliottmark@example.org,port ashley,massachusetts,34486,malawi,True
87,ms.,savannah sanchez,065.697.98216641,erikbowman@example.org,south david,massachusetts,41344,liechtenstein,False
88,ind.,sarah ward,441.853.0847918,gina59@example.org,north ashleyhaven,arkansas,68672,venezuela,False
89,miss,chelsea brown,+1-703-499-5189806,zkelley@example.com,walshborough,washington,5582,swaziland,False
90,mrs.,jennifer mcintosh,+1-166-975-2311,jacobjackson@example.net,port melissa,utah,81463,lithuania,True
91,dr.,kelli freeman,001-692-696-7729,moranjohn@example.com,gardnerside,missouri,45485,falkland islands (malvinas),True
92,dr.,eric proctor,(966)003-507020600,parkerrodney@example.com,mooreshire,ohio,3463,vanuatu,False
93,dr.,rebecca gomez,(593)559-0481,houstonedward@example.net,port brenda,alaska,7184,malawi,True
94,ms.,scott lopez,001-406-416-326729546,elizabeth92@example.org,east timothy,nebraska,99005,el salvador,True
95,dr.,elijah harris,(586)394-0376,robertnavarro@example.org,ericafurt,virginia,91149,oman,True
96,dr.,megan rodriguez,(151)853-7575,laurenvasquez@example.org,port stephenfurt,montana,15698,cook islands,True
97,mr.,luis smith,001-888-959-78362329,crosbyrebecca@example.net,dustinberg,alabama,85159,algeria,False
98,miss,thomas rodriguez,001-475-063-806129205,amandacarter@example.org,williammouth,michigan,83010,bulgaria,True
99,dr.,deanna castro,001-488-818-4040200,brittneymiller@example.org,davidburgh,arkansas,15584,saint pierre and miquelon,False
100,mr.,lindsey miller,001-013-774-5285128,lrios@example.org,clarkfort,indiana,7693,malawi,False
101,ind.,pamela hunter,(116)107-6760421,hannah38@example.org,port arthur,wyoming,27372,palau,False
102,miss,robert marshall,871-418-8571968,jenniferosborne@example.net,new jeffrey,new mexico,25408,brazil,True
103,miss,sarah martin,073-604-5797,jason52@example.net,tiffanyfurt,vermont,77288,cameroon,True
104,mx.,leslie montes,+1-903-541-165887164,smithmatthew@example.org,loriland,idaho,77439,hungary,True
105,mrs.,frank george,185.484.1395991,pmoreno@example.com,kathrynberg,new jersey,71564,netherlands,True
106,dr.,colin owens,+1-882-255-0222,danieljohnson@example.com,donaldton,connecticut,77597,tunisia,True
107,dr.,jennifer horn,296-180-30589580,roymichele@example.net,saraborough,west virginia,76060,tokelau,True
108,miss,jennifer hobbs,(254)530-655492241,blandry@example.net,stanleyfurt,utah,99734,georgia,True
109,ind.,jonathan patterson,001-342-070-6656,traciosborn@example.org,theodoreside,new jersey,700,ukraine,True
110,misc.,amanda mercado,436-713-5323,davidkirk@example.com,masonfurt,montana,71189,lesotho,True
111,mr.,chelsea white,777.249.1726058,kingchristopher@example.net,johnmouth,california,80610,luxembourg,False
112,misc.,lee johnson,+1-804-750-8499461,vwalls@example.net,west lisaborough,vermont,13828,greenland,False
113,dr.,james collins,950-101-8582,angela22@example.net,north kevin,south carolina,61136,isle of man,False
114,mx.,cindy neal,704.165.119238074,michelle13@example.net,south melanie,colorado,33215,guernsey,True
115,misc.,stephen johnson,001-559-031-80382176,plopez@example.net,danielchester,nevada,67286,hungary,False
116,ms.,jennifer calderon,388.187.423294789,carsonlisa@example.org,east janet,north dakota,7519,saint kitts and nevis,True
117,mx.,shannon curtis,581.084.4968047,dennisharvey@example.org,andreaborough,west virginia,88244,tuvalu,True
118,ms.,isaac johnson,(218)660-5970062,jgoodwin@example.net,reeseport,hawaii,703,slovakia (slovak republic),False
119,dr.,david nelson,001-693-287-7811993,markevans@example.com,monicamouth,rhode island,7797,bahamas,False
120,mx.,james spencer,210-492-8273,cassidy23@example.org,kristieshire,north dakota,22178,british virgin islands,True
121,miss,paul davis,320.599.17449756,jbarnes@example.net,port nicholas,indiana,8448,french polynesia,False
122,dr.,brett hernandez,004.149.3603,juliesaunders@example.com,lake robert,connecticut,17243,saudi arabia,True
123,ms.,daniel noble,+1-042-860-1293972,emmaandrews@example.net,cheyenneton,kansas,97400,gambia,False
124,dr.,preston perez,862.587.622215616,jacoblong@example.com,littlefort,nevada,22625,somalia,True
125,ms.,stephanie tucker,4484819724,bgilbert@example.com,robertchester,louisiana,80139,philippines,False
126,ms.,ashley johnson,+1-868-743-3759085,ronaldsmith@example.org,davisborough,alabama,73590,georgia,True
127,misc.,denise cooper,604-069-8355,rmartin@example.org,lake erikmouth,idaho,71385,french polynesia,True
128,dr.,linda rivers,(189)886-621158274,oliviamcgee@example.org,west margaret,mississippi,56391,aruba,True
129,miss,danielle fisher,001-995-184-913205711,reedmiguel@example.net,lake destiny,maryland,25727,guam,True
130,mx.,heather hawkins,217.727.4150,kelli91@example.org,jeffreyhaven,idaho,27821,guadeloupe,False
131,dr.,kimberly brown,569.144.2441,carrharold@example.org,nancyhaven,mississippi,92792,india,True
132,mx.,kaylee martinez,175.474.920618615,miranda48@example.com,port linda,wyoming,24508,pakistan,True
133,dr.,glenn perez,(482)423-0165415,zbrown@example.org,vickiview,alabama,59384,papua new guinea,False
134,misc.,samantha hamilton,(197)937-8160540,thorntonsteven@example.net,whitechester,nevada,18437,pitcairn islands,True
135,mx.,alan keller,(569)688-6126197,franciscowood@example.com,brittanyville,missouri,86636,united states of america,False
136,miss,shannon hooper,756.216.5064661,zkennedy@example.org,east brittanytown,alaska,10976,andorra,False
137,misc.,kelly wood,001-048-293-4072577,connerelizabeth@example.net,north stevenborough,georgia,63995,heard island and mcdonald islands,True
138,ms.,maria stewart,(766)724-37234468,josephglass@example.org,port devinville,nevada,18067,italy,False
139,dr.,pamela carpenter,(384)336-166131804,vtaylor@example.net,sharpfort,michigan,60583,cote d'ivoire,False
