,prefix,name,phonenumber,emailid,city,state,zipcode,country,status
0,ms.,sara bowen,707.800.3583231,jrobinson@example.org,west bryan,oregon,1101,hong kong,True
1,miss,kevin harvey,083-281-869490717,joshualang@example.com,south mark,iowa,78566,romania,False
2,mrs.,laura carter,001-698-562-89691391,judith30@example.net,new annettehaven,new mexico,64345,tonga,True
3,dr.,brian richard,(514)902-619558474,shawnpayne@example.net,reeseville,oregon,54445,andorra,False
4,mrs.,julie barton,(282)038-4803,allen75@example.com,amandamouth,vermont,48595,british virgin islands,True
5,dr.,joshua allen,(997)061-86263509,russocindy@example.net,north derek,massachusetts,22998,haiti,False
6,dr.,kelly daniel,895.268.7410,ashley72@example.net,michaelborough,oregon,12269,libyan arab jamahiriya,True
7,ms.,jessica ross,(681)936-4636639,wesleypearson@example.org,east adrianafort,nebraska,87525,nigeria,True
8,dr.,deanna turner,932.405.7122719,sdougherty@example.net,east lisaport,nebraska,79655,kuwait,True
9,mrs.,madeline jackson,+1-873-525-891052138,matthew56@example.net,rebeccastad,virginia,85550,belize,True
10,dr.,cynthia payne,001-897-088-318332113,amandasherman@example.org,benjaminside,arkansas,34594,ethiopia,True
11,ind.,victoria ramirez,271-544-261796935,martinezdavid@example.com,rogersmouth,washington,59986,thailand,True
12,ms.,brian keller,0541555540,paul26@example.net,new victorland,wyoming,38429,mauritius,True
13,mx.,steven russo,1706419370,joshuaberger@example.org,patrickton,wyoming,88365,saudi arabia,True
14,ms.,carla cohen,749.422.129363869,david01@example.org,brianfurt,florida,71358,burkina faso,True
15,dr.,tina jones,(024)384-0161595,danielthomas@example.com,jonesmouth,new hampshire,40629,tuvalu,True
16,miss,nicholas dalton,+1-502-898-0393918,cookjustin@example.org,heathermouth,idaho,46395,turks and caicos islands,False
17,dr.,miguel fleming,(182)557-5447,ysmith@example.org,gilbertfort,arkansas,61137,south georgia and the south sandwich islands,False
18,ind.,kirsten hamilton,001-387-570-5052384,mcneilnorma@example.org,mosschester,arizona,57484,guyana,True
19,mrs.,pamela lawson,(707)252-2268,cmichael@example.org,new dorismouth,south carolina,81489,ghana,False
